ACCESSION	PUBMED	DEFINITION	COUNTRY	SOURCE	DATE	LENGTH
LC027223 	 NA 	 Human papillomavirus type 16 genes for E6, E7, E1, E2, E4, E5,Human papillomavirus type 16 genes for E6, E7, E1, E2, E4, E5,complete and partial cds, isolate: r4000S4. 	 Japan 	 NA 	 2012 	 4218
LC027929 	 NA 	 Human papillomavirus type 16 genes for E6, E7, E1, E2, E4, E5,Human papillomavirus type 16 genes for E6, E7, E1, E2, E4, E5,complete and partial cds, isolate: r4000S3. 	 Japan 	 NA 	 2013 	 4218
LC027224 	 NA 	 Human papillomavirus type 16 genes for E6, E7, E1, E2, E4, E5,Human papillomavirus type 16 genes for E6, E7, E1, E2, E4, E5,complete and partial cds, isolate: r4000S6. 	 Japan 	 NA 	 2010 	 4218
LC027225 	 NA 	 Human papillomavirus type 16 genes for E6, E7, E1, E2, E4, E5,Human papillomavirus type 16 genes for E6, E7, E1, E2, E4, E5,complete and partial cds, isolate: r4000S7. 	 Japan 	 NA 	 2011 	 4218
LC027226 	 NA 	 Human papillomavirus type 16 genes for E6, E7, E1, E2, E4, E5,Human papillomavirus type 16 genes for E6, E7, E1, E2, E4, E5,complete and partial cds, isolate: r4000S8. 	 Japan 	 NA 	 2008 	 4218
LC027227 	 NA 	 Human papillomavirus type 16 genes for E5, L2, L1, partial andHuman papillomavirus type 16 genes for E5, L2, L1, partial andcomplete cds, isolate: r4000S9. 	 Japan 	 NA 	 2010 	 2991
LC027930 	 NA 	 Human papillomavirus type 16 genes for E5, L2, L1, partial andHuman papillomavirus type 16 genes for E5, L2, L1, partial andcomplete cds, isolate: r4000S10. 	 Japan 	 NA 	 2013 	 2991
MW810431 	 NA 	 Human papillomavirus 16 isolate riau109 minor capsid protein (L2)Human papillomavirus 16 isolate riau109 minor capsid protein (L2)gene, complete cds. 	 Indonesia 	 NA 	 2019 	 1422
MW810432 	 NA 	 Human papillomavirus 16 isolate riau122 minor capsid protein (L2)Human papillomavirus 16 isolate riau122 minor capsid protein (L2)gene, complete cds. 	 Indonesia 	 NA 	 2019 	 1422
MW810433 	 NA 	 Human papillomavirus 16 isolate riau127 minor capsid protein (L2)Human papillomavirus 16 isolate riau127 minor capsid protein (L2)gene, partial cds. 	 Indonesia 	 NA 	 2019 	 1132
MW810434 	 NA 	 Human papillomavirus 16 isolate riau129 minor capsid protein (L2)Human papillomavirus 16 isolate riau129 minor capsid protein (L2)gene, partial cds. 	 Indonesia 	 NA 	 2019 	 1132
MW810435 	 NA 	 Human papillomavirus 16 isolate riau132 minor capsid protein (L2)Human papillomavirus 16 isolate riau132 minor capsid protein (L2)gene, partial cds. 	 Indonesia 	 NA 	 2019 	 1123
MW810436 	 NA 	 Human papillomavirus 16 isolate riau147 minor capsid protein (L2)Human papillomavirus 16 isolate riau147 minor capsid protein (L2)gene, partial cds. 	 Indonesia 	 NA 	 2019 	 1084
MW810437 	 NA 	 Human papillomavirus 16 isolate riau150 minor capsid protein (L2)Human papillomavirus 16 isolate riau150 minor capsid protein (L2)gene, partial cds. 	 Indonesia 	 NA 	 2019 	 1132
MW810438 	 NA 	 Human papillomavirus 16 isolate riau167 minor capsid protein (L2)Human papillomavirus 16 isolate riau167 minor capsid protein (L2)gene, complete cds. 	 Indonesia 	 NA 	 2019 	 1422
MW810439 	 NA 	 Human papillomavirus 16 isolate riau176 minor capsid protein (L2)Human papillomavirus 16 isolate riau176 minor capsid protein (L2)gene, complete cds. 	 Indonesia 	 NA 	 2019 	 1547
MW810440 	 NA 	 Human papillomavirus 16 isolate riau179 minor capsid protein (L2)Human papillomavirus 16 isolate riau179 minor capsid protein (L2)gene, partial cds. 	 Indonesia 	 NA 	 2019 	 1132
MW810441 	 NA 	 Human papillomavirus 16 isolate riau180 minor capsid protein (L2)Human papillomavirus 16 isolate riau180 minor capsid protein (L2)gene, partial cds. 	 Indonesia 	 NA 	 2019 	 1132
MW810442 	 NA 	 Human papillomavirus 16 isolate riau182 minor capsid protein (L2)Human papillomavirus 16 isolate riau182 minor capsid protein (L2)gene, partial cds. 	 Indonesia 	 NA 	 2019 	 1132
MW810443 	 NA 	 Human papillomavirus 16 isolate riau186 minor capsid protein (L2)Human papillomavirus 16 isolate riau186 minor capsid protein (L2)gene, complete cds. 	 Indonesia 	 NA 	 2019 	 1422
MW810444 	 NA 	 Human papillomavirus 16 isolate riau187 minor capsid protein (L2)Human papillomavirus 16 isolate riau187 minor capsid protein (L2)gene, partial cds. 	 Indonesia 	 NA 	 2019 	 1132
MW810445 	 NA 	 Human papillomavirus 16 isolate riau189 minor capsid protein (L2)Human papillomavirus 16 isolate riau189 minor capsid protein (L2)gene, partial cds. 	 Indonesia 	 NA 	 2019 	 1132
MW810446 	 NA 	 Human papillomavirus 16 isolate riau190 minor capsid protein (L2)Human papillomavirus 16 isolate riau190 minor capsid protein (L2)gene, complete cds. 	 Indonesia 	 NA 	 2019 	 1422
MW810447 	 NA 	 Human papillomavirus 16 isolate riau191 minor capsid protein (L2)Human papillomavirus 16 isolate riau191 minor capsid protein (L2)gene, complete cds. 	 Indonesia 	 NA 	 2019 	 1422
MW810448 	 NA 	 Human papillomavirus 16 isolate riau192 minor capsid protein (L2)Human papillomavirus 16 isolate riau192 minor capsid protein (L2)gene, partial cds. 	 Indonesia 	 NA 	 2019 	 1132
MW810449 	 NA 	 Human papillomavirus 16 isolate riau193 minor capsid protein (L2)Human papillomavirus 16 isolate riau193 minor capsid protein (L2)gene, complete cds. 	 Indonesia 	 NA 	 2019 	 1422
MW810450 	 NA 	 Human papillomavirus 16 isolate riau194 minor capsid protein (L2)Human papillomavirus 16 isolate riau194 minor capsid protein (L2)gene, partial cds. 	 Indonesia 	 NA 	 2019 	 1123
MW810451 	 NA 	 Human papillomavirus 16 isolate riau196 minor capsid protein (L2)Human papillomavirus 16 isolate riau196 minor capsid protein (L2)gene, complete cds. 	 Indonesia 	 NA 	 2019 	 1422
MW810452 	 NA 	 Human papillomavirus 16 isolate riau197 minor capsid protein (L2)Human papillomavirus 16 isolate riau197 minor capsid protein (L2)gene, partial cds. 	 Indonesia 	 NA 	 2019 	 1132
MW810453 	 NA 	 Human papillomavirus 16 isolate riau199 minor capsid protein (L2)Human papillomavirus 16 isolate riau199 minor capsid protein (L2)gene, partial cds. 	 Indonesia 	 NA 	 2019 	 1132
OR044448 	 NA 	 Human papillomavirus 16 isolate P01_2006_LCR major capsid proteinHuman papillomavirus 16 isolate P01_2006_LCR major capsid protein(L1) gene, partial cds; long control region genomic sequence; andearly protein 6 (E6) gene, partial cds. 	 Germany 	 intraanal swab 	 2006 	 1087
OR044449 	 NA 	 Human papillomavirus 16 isolate P02_2006_LCR major capsid proteinHuman papillomavirus 16 isolate P02_2006_LCR major capsid protein(L1) gene, partial cds; long control region genomic sequence; andearly protein 6 (E6) gene, partial cds. 	 Germany 	 intraanal swab 	 2006 	 980
OR044450 	 NA 	 Human papillomavirus 16 isolate P05_2008_LCR major capsid proteinHuman papillomavirus 16 isolate P05_2008_LCR major capsid protein(L1) gene, partial cds; long control region genomic sequence; andearly protein 6 (E6) gene, partial cds. 	 Germany 	 intraanal swab 	 2008 	 1067
OR044451 	 NA 	 Human papillomavirus 16 isolate P06_2007_LCR major capsid proteinHuman papillomavirus 16 isolate P06_2007_LCR major capsid protein(L1) gene, partial cds; long control region genomic sequence; andearly protein 6 (E6) gene, partial cds. 	 Germany 	 intraanal swab 	 2007 	 1029
OR044452 	 NA 	 Human papillomavirus 16 isolate P08_2009_LCR major capsid proteinHuman papillomavirus 16 isolate P08_2009_LCR major capsid protein(L1) gene, partial cds; long control region genomic sequence; andearly protein 6 (E6) gene, partial cds. 	 Germany 	 intraanal swab 	 2009 	 1068
OR044453 	 NA 	 Human papillomavirus 16 isolate P08_2011_LCR major capsid proteinHuman papillomavirus 16 isolate P08_2011_LCR major capsid protein(L1) gene, partial cds; long control region genomic sequence; andearly protein 6 (E6) gene, partial cds. 	 Germany 	 intraanal swab 	 2011 	 896
OR044454 	 NA 	 Human papillomavirus 16 isolate P09_2016_LCR major capsid proteinHuman papillomavirus 16 isolate P09_2016_LCR major capsid protein(L1) gene, partial cds; and long control region genomic sequence. 	 Germany 	 intraanal swab 	 2016 	 1047
OR044455 	 NA 	 Human papillomavirus 16 isolate P10_2017_LCR major capsid proteinHuman papillomavirus 16 isolate P10_2017_LCR major capsid protein(L1) gene, partial cds; long control region genomic sequence; andearly protein 6 (E6) gene, partial cds. 	 Germany 	 intraanal swab 	 2017 	 1065
OR044456 	 NA 	 Human papillomavirus 16 isolate P11_2014_LCR major capsid proteinHuman papillomavirus 16 isolate P11_2014_LCR major capsid protein(L1) gene, partial cds; long control region genomic sequence; andearly protein 6 (E6) gene, partial cds. 	 Germany 	 intraanal swab 	 2014 	 1062
OR044457 	 NA 	 Human papillomavirus 16 isolate P12_2014_LCR major capsid proteinHuman papillomavirus 16 isolate P12_2014_LCR major capsid protein(L1) gene, partial cds; long control region genomic sequence; andearly protein 6 (E6) gene, partial cds. 	 Germany 	 intraanal swab 	 2014 	 1062
OR044458 	 NA 	 Human papillomavirus 16 isolate P13_2015_LCR major capsid proteinHuman papillomavirus 16 isolate P13_2015_LCR major capsid protein(L1) gene, partial cds; long control region genomic sequence; andearly protein 6 (E6) gene, partial cds. 	 Germany 	 intraanal swab 	 2015 	 1088
OR044459 	 NA 	 Human papillomavirus 16 isolate P15_2016_LCR major capsid proteinHuman papillomavirus 16 isolate P15_2016_LCR major capsid protein(L1) gene, partial cds; long control region genomic sequence; andearly protein 6 (E6) gene, partial cds. 	 Germany 	 intraanal swab 	 2016 	 1067
OR044460 	 NA 	 Human papillomavirus 16 isolate P17_2014_LCR major capsid proteinHuman papillomavirus 16 isolate P17_2014_LCR major capsid protein(L1) gene, partial cds; long control region genomic sequence; andearly protein 6 (E6) gene, partial cds. 	 Germany 	 intraanal swab 	 2014 	 1065
OR044461 	 NA 	 Human papillomavirus 16 isolate P18_2004_LCR major capsid proteinHuman papillomavirus 16 isolate P18_2004_LCR major capsid protein(L1) gene, partial cds; long control region genomic sequence; andearly protein 6 (E6) gene, partial cds. 	 Germany 	 intraanal swab 	 2004 	 1056
OR044462 	 NA 	 Human papillomavirus 16 isolate P19_2012_LCR major capsid proteinHuman papillomavirus 16 isolate P19_2012_LCR major capsid protein(L1) gene, partial cds; long control region genomic sequence; andearly protein 6 (E6) gene, partial cds. 	 Germany 	 intraanal swab 	 2012 	 1088
OR044463 	 NA 	 Human papillomavirus 16 isolate P20_2018_LCR major capsid proteinHuman papillomavirus 16 isolate P20_2018_LCR major capsid protein(L1) gene, partial cds; long control region genomic sequence; andearly protein 6 (E6) gene, partial cds. 	 Germany 	 intraanal swab 	 2018 	 1075
OR044465 	 NA 	 Human papillomavirus 16 isolate P23_2006_LCR major capsid proteinHuman papillomavirus 16 isolate P23_2006_LCR major capsid protein(L1) gene, partial cds; long control region genomic sequence; andearly protein 6 (E6) gene, partial cds. 	 Germany 	 intraanal swab 	 2006 	 1062
OR044466 	 NA 	 Human papillomavirus 16 isolate P25_2011_LCR major capsid proteinHuman papillomavirus 16 isolate P25_2011_LCR major capsid protein(L1) gene, partial cds; long control region genomic sequence; andearly protein 6 (E6) gene, partial cds. 	 Germany 	 intraanal swab 	 2011 	 1066
OR044467 	 NA 	 Human papillomavirus 16 isolate P27_2003_LCR major capsid proteinHuman papillomavirus 16 isolate P27_2003_LCR major capsid protein(L1) gene, partial cds; long control region genomic sequence; andearly protein 6 (E6) gene, partial cds. 	 Germany 	 intraanal swab 	 2003 	 1088
OR044468 	 NA 	 Human papillomavirus 16 isolate P30_2017_LCR major capsid proteinHuman papillomavirus 16 isolate P30_2017_LCR major capsid protein(L1) gene, partial cds; long control region genomic sequence; andearly protein 6 (E6) gene, partial cds. 	 Germany 	 intraanal swab 	 2017 	 1088
OR044469 	 NA 	 Human papillomavirus 16 isolate P31_2005_LCR major capsid proteinHuman papillomavirus 16 isolate P31_2005_LCR major capsid protein(L1) gene, partial cds; long control region genomic sequence; andearly protein 6 (E6) gene, partial cds. 	 Germany 	 intraanal swab 	 2005 	 1065
OR044470 	 NA 	 Human papillomavirus 16 isolate P33_2016_LCR major capsid proteinHuman papillomavirus 16 isolate P33_2016_LCR major capsid protein(L1) gene, partial cds; long control region genomic sequence; andearly protein 6 (E6) gene, partial cds. 	 Germany 	 intraanal swab 	 2016 	 1067
OR044472 	 NA 	 Human papillomavirus 16 isolate P036_2011_LCR major capsid proteinHuman papillomavirus 16 isolate P036_2011_LCR major capsid protein(L1) gene, partial cds; long control region genomic sequence; andearly protein 6 (E6) gene, partial cds. 	 Germany 	 intraanal swab 	 2011 	 1017
OR044474 	 NA 	 Human papillomavirus 16 isolate P038_2005_LCR major capsid proteinHuman papillomavirus 16 isolate P038_2005_LCR major capsid protein(L1) gene, partial cds; long control region genomic sequence; andearly protein 6 (E6) gene, partial cds. 	 Germany 	 intraanal swab 	 2005 	 1067
OR044475 	 NA 	 Human papillomavirus 16 isolate P039_2014_LCR major capsid proteinHuman papillomavirus 16 isolate P039_2014_LCR major capsid protein(L1) gene, partial cds; long control region genomic sequence; andearly protein 6 (E6) gene, partial cds. 	 Germany 	 intraanal swab 	 2014 	 1026
OR044476 	 NA 	 Human papillomavirus 16 isolate P040_2008_LCR major capsid proteinHuman papillomavirus 16 isolate P040_2008_LCR major capsid protein(L1) gene, partial cds; long control region genomic sequence; andearly protein 6 (E6) gene, partial cds. 	 Germany 	 intraanal swab 	 2008 	 935
OR044477 	 NA 	 Human papillomavirus 16 isolate P042_02-2019_LCR major capsidHuman papillomavirus 16 isolate P042_02-2019_LCR major capsidprotein (L1) gene, partial cds; long control region genomicsequence; and early protein 6 (E6) gene, partial cds. 	 Germany 	 intraanal swab 	 2019 	 1067
OR044478 	 NA 	 Human papillomavirus 16 isolate P044_2009_LCR major capsid proteinHuman papillomavirus 16 isolate P044_2009_LCR major capsid protein(L1) gene, partial cds; long control region genomic sequence; andearly protein 6 (E6) gene, partial cds. 	 Germany 	 intraanal swab 	 2009 	 1067
OR044479 	 NA 	 Human papillomavirus 16 isolate P046_2014_LCR major capsid proteinHuman papillomavirus 16 isolate P046_2014_LCR major capsid protein(L1) gene, partial cds; long control region genomic sequence; andearly protein 6 (E6) gene, partial cds. 	 Germany 	 intraanal swab 	 2014 	 1067
OR044480 	 NA 	 Human papillomavirus 16 isolate P048_2007_LCR major capsid proteinHuman papillomavirus 16 isolate P048_2007_LCR major capsid protein(L1) gene, partial cds; long control region genomic sequence; andearly protein 6 (E6) gene, partial cds. 	 Germany 	 intraanal swab 	 2007 	 981
OR044481 	 NA 	 Human papillomavirus 16 isolate P050_2012_LCR long control regionHuman papillomavirus 16 isolate P050_2012_LCR long control regiongenomic sequence. 	 Germany 	 intraanal swab 	 2012 	 561
OR044482 	 NA 	 Human papillomavirus 16 isolate P051_2012_LCR major capsid proteinHuman papillomavirus 16 isolate P051_2012_LCR major capsid protein(L1) gene, partial cds; long control region genomic sequence; andearly protein 6 (E6) gene, partial cds. 	 Germany 	 intraanal swab 	 2012 	 979
OR044483 	 NA 	 Human papillomavirus 16 isolate P052_2017_LCR major capsid proteinHuman papillomavirus 16 isolate P052_2017_LCR major capsid protein(L1) gene, partial cds; long control region genomic sequence; andearly protein 6 (E6) gene, partial cds. 	 Germany 	 intraanal swab 	 2017 	 1063
OR044484 	 NA 	 Human papillomavirus 16 isolate P053_2018_LCR major capsid proteinHuman papillomavirus 16 isolate P053_2018_LCR major capsid protein(L1) gene, partial cds; long control region genomic sequence; andearly protein 6 (E6) gene, partial cds. 	 Germany 	 intraanal swab 	 2018 	 1066
OR044485 	 NA 	 Human papillomavirus 16 isolate P054_2015_LCR major capsid proteinHuman papillomavirus 16 isolate P054_2015_LCR major capsid protein(L1) gene, partial cds; long control region genomic sequence; andearly protein 6 (E6) gene, partial cds. 	 Germany 	 intraanal swab 	 2015 	 1068
OR044486 	 NA 	 Human papillomavirus 16 isolate P01_2006_NCR E5 (E5) gene, partialHuman papillomavirus 16 isolate P01_2006_NCR E5 (E5) gene, partialcds; E5-L2 intergenic spacer, complete sequence; and L2 (L2) gene,partial cds. 	 Germany 	 intraanal swab 	 2006 	 373
OR044487 	 NA 	 Human papillomavirus 16 isolate P02_2006_NCR E5 (E5) gene, partialHuman papillomavirus 16 isolate P02_2006_NCR E5 (E5) gene, partialcds; E5-L2 intergenic spacer, complete sequence; and L2 (L2) gene,partial cds. 	 Germany 	 intraanal swab 	 2006 	 403
OR044488 	 NA 	 Human papillomavirus 16 isolate P02_2018_NCR E5 (E5) gene, partialHuman papillomavirus 16 isolate P02_2018_NCR E5 (E5) gene, partialcds; E5-L2 intergenic spacer, complete sequence; and L2 (L2) gene,partial cds. 	 Germany 	 intraanal swab 	 2018 	 368
OR044489 	 NA 	 Human papillomavirus 16 isolate P03_2004_NCR E5 (E5) gene, partialHuman papillomavirus 16 isolate P03_2004_NCR E5 (E5) gene, partialcds; E5-L2 intergenic spacer, complete sequence; and L2 (L2) gene,partial cds. 	 Germany 	 intraanal swab 	 2004 	 291
OR044490 	 NA 	 Human papillomavirus 16 isolate P03_2009_NCR E5 (E5) gene, partialHuman papillomavirus 16 isolate P03_2009_NCR E5 (E5) gene, partialcds; E5-L2 intergenic spacer, complete sequence; and L2 (L2) gene,partial cds. 	 Germany 	 intraanal swab 	 2009 	 404
OR044491 	 NA 	 Human papillomavirus 16 isolate P04_2014_NCR E5 (E5) gene, partialHuman papillomavirus 16 isolate P04_2014_NCR E5 (E5) gene, partialcds; E5-L2 intergenic spacer, complete sequence; and L2 (L2) gene,partial cds. 	 Germany 	 intraanal swab 	 2014 	 408
OR044492 	 NA 	 Human papillomavirus 16 isolate P05_2008_NCR E5 (E5) gene, partialHuman papillomavirus 16 isolate P05_2008_NCR E5 (E5) gene, partialcds; E5-L2 intergenic spacer, complete sequence; and L2 (L2) gene,partial cds. 	 Germany 	 intraanal swab 	 2008 	 352
OR044493 	 NA 	 Human papillomavirus 16 isolate P06_2007_NCR E5 (E5) gene, partialHuman papillomavirus 16 isolate P06_2007_NCR E5 (E5) gene, partialcds; E5-L2 intergenic spacer, complete sequence; and L2 (L2) gene,partial cds. 	 Germany 	 intraanal swab 	 2007 	 403
OR044494 	 NA 	 Human papillomavirus 16 isolate P07_2009_NCR E5 (E5) gene, partialHuman papillomavirus 16 isolate P07_2009_NCR E5 (E5) gene, partialcds; E5-L2 intergenic spacer, complete sequence; and L2 (L2) gene,partial cds. 	 Germany 	 intraanal swab 	 2009 	 341
OR044495 	 NA 	 Human papillomavirus 16 isolate P08_2008_NCR E5 (E5) gene, partialHuman papillomavirus 16 isolate P08_2008_NCR E5 (E5) gene, partialcds; E5-L2 intergenic spacer, complete sequence; and L2 (L2) gene,partial cds. 	 Germany 	 intraanal swab 	 2008 	 410
OR044496 	 NA 	 Human papillomavirus 16 isolate P08_2009_NCR E5 (E5) gene, partialHuman papillomavirus 16 isolate P08_2009_NCR E5 (E5) gene, partialcds; E5-L2 intergenic spacer, complete sequence; and L2 (L2) gene,partial cds. 	 Germany 	 intraanal swab 	 2009 	 383
OR044497 	 NA 	 Human papillomavirus 16 isolate P08_2011_NCR E5 (E5) gene, partialHuman papillomavirus 16 isolate P08_2011_NCR E5 (E5) gene, partialcds; E5-L2 intergenic spacer, complete sequence; and L2 (L2) gene,partial cds. 	 Germany 	 intraanal swab 	 2011 	 413
OR044498 	 NA 	 Human papillomavirus 16 isolate P09_2016_NCR E5 (E5) gene, partialHuman papillomavirus 16 isolate P09_2016_NCR E5 (E5) gene, partialcds; E5-L2 intergenic spacer, complete sequence; and L2 (L2) gene,partial cds. 	 Germany 	 intraanal swab 	 2016 	 407
OR044499 	 NA 	 Human papillomavirus 16 isolate P10_2017_NCR E5 (E5) gene, partialHuman papillomavirus 16 isolate P10_2017_NCR E5 (E5) gene, partialcds; E5-L2 intergenic spacer, complete sequence; and L2 (L2) gene,partial cds. 	 Germany 	 intraanal swab 	 2017 	 418
OR044500 	 NA 	 Human papillomavirus 16 isolate P11_2014_NCR E5 (E5) gene, partialHuman papillomavirus 16 isolate P11_2014_NCR E5 (E5) gene, partialcds; E5-L2 intergenic spacer, complete sequence; and L2 (L2) gene,partial cds. 	 Germany 	 intraanal swab 	 2014 	 417
OR044501 	 NA 	 Human papillomavirus 16 isolate P12_2014_NCR E5 (E5) gene, partialHuman papillomavirus 16 isolate P12_2014_NCR E5 (E5) gene, partialcds; E5-L2 intergenic spacer, complete sequence; and L2 (L2) gene,partial cds. 	 Germany 	 intraanal swab 	 2014 	 382
OR044502 	 NA 	 Human papillomavirus 16 isolate P13_2015_NCR E5 (E5) gene, partialHuman papillomavirus 16 isolate P13_2015_NCR E5 (E5) gene, partialcds; E5-L2 intergenic spacer, complete sequence; and L2 (L2) gene,partial cds. 	 Germany 	 intraanal swab 	 2015 	 416
OR044503 	 NA 	 Human papillomavirus 16 isolate P14_2007_NCR E5 (E5) gene, partialHuman papillomavirus 16 isolate P14_2007_NCR E5 (E5) gene, partialcds; E5-L2 intergenic spacer, complete sequence; and L2 (L2) gene,partial cds. 	 Germany 	 intraanal swab 	 2007 	 404
OR044504 	 NA 	 Human papillomavirus 16 isolate P16_2016_NCR E5 (E5) gene, partialHuman papillomavirus 16 isolate P16_2016_NCR E5 (E5) gene, partialcds; E5-L2 intergenic spacer, complete sequence; and L2 (L2) gene,partial cds. 	 Germany 	 intraanal swab 	 2016 	 350
OR044505 	 NA 	 Human papillomavirus 16 isolate P17_2014_NCR E5 (E5) gene, partialHuman papillomavirus 16 isolate P17_2014_NCR E5 (E5) gene, partialcds; E5-L2 intergenic spacer, complete sequence; and L2 (L2) gene,partial cds. 	 Germany 	 intraanal swab 	 2014 	 410
OR044506 	 NA 	 Human papillomavirus 16 isolate P18_2004_NCR E5 (E5) gene, partialHuman papillomavirus 16 isolate P18_2004_NCR E5 (E5) gene, partialcds; E5-L2 intergenic spacer, complete sequence; and L2 (L2) gene,partial cds. 	 Germany 	 intraanal swab 	 2004 	 395
OR044507 	 NA 	 Human papillomavirus 16 isolate P19_2012_NCR E5 (E5) gene, partialHuman papillomavirus 16 isolate P19_2012_NCR E5 (E5) gene, partialcds; E5-L2 intergenic spacer, complete sequence; and L2 (L2) gene,partial cds. 	 Germany 	 intraanal swab 	 2012 	 417
OR044508 	 NA 	 Human papillomavirus 16 isolate P20_2018_NCR E5 (E5) gene, partialHuman papillomavirus 16 isolate P20_2018_NCR E5 (E5) gene, partialcds; E5-L2 intergenic spacer, complete sequence; and L2 (L2) gene,partial cds. 	 Germany 	 intraanal swab 	 2018 	 420
OR044509 	 NA 	 Human papillomavirus 16 isolate P22_2008_NCR E5 (E5) gene, partialHuman papillomavirus 16 isolate P22_2008_NCR E5 (E5) gene, partialcds; E5-L2 intergenic spacer, complete sequence; and L2 (L2) gene,partial cds. 	 Germany 	 intraanal swab 	 2008 	 413
OR044510 	 NA 	 Human papillomavirus 16 isolate P23_2006_NCR E5 (E5) gene, partialHuman papillomavirus 16 isolate P23_2006_NCR E5 (E5) gene, partialcds; E5-L2 intergenic spacer, complete sequence; and L2 (L2) gene,partial cds. 	 Germany 	 intraanal swab 	 2006 	 290
OR044511 	 NA 	 Human papillomavirus 16 isolate P26_2005_NCR E5 (E5) gene, partialHuman papillomavirus 16 isolate P26_2005_NCR E5 (E5) gene, partialcds; E5-L2 intergenic spacer, complete sequence; and L2 (L2) gene,partial cds. 	 Germany 	 intraanal swab 	 2005 	 352
OR044512 	 NA 	 Human papillomavirus 16 isolate P26_2016_NCR E5 (E5) gene, partialHuman papillomavirus 16 isolate P26_2016_NCR E5 (E5) gene, partialcds; E5-L2 intergenic spacer, complete sequence; and L2 (L2) gene,partial cds. 	 Germany 	 intraanal swab 	 2016 	 418
OR044513 	 NA 	 Human papillomavirus 16 isolate P27_2003_NCR E5 (E5) gene, partialHuman papillomavirus 16 isolate P27_2003_NCR E5 (E5) gene, partialcds; E5-L2 intergenic spacer, complete sequence; and L2 (L2) gene,partial cds. 	 Germany 	 intraanal swab 	 2003 	 408
OR044514 	 NA 	 Human papillomavirus 16 isolate P29_2011_NCR E5 (E5) gene, partialHuman papillomavirus 16 isolate P29_2011_NCR E5 (E5) gene, partialcds; E5-L2 intergenic spacer, complete sequence; and L2 (L2) gene,partial cds. 	 Germany 	 intraanal swab 	 2011 	 369
OR044515 	 NA 	 Human papillomavirus 16 isolate P30_2017_NCR E5 (E5) gene, partialHuman papillomavirus 16 isolate P30_2017_NCR E5 (E5) gene, partialcds; E5-L2 intergenic spacer, complete sequence; and L2 (L2) gene,partial cds. 	 Germany 	 intraanal swab 	 2017 	 287
OR044516 	 NA 	 Human papillomavirus 16 isolate P31_2005_NCR E5 (E5) gene, partialHuman papillomavirus 16 isolate P31_2005_NCR E5 (E5) gene, partialcds; E5-L2 intergenic spacer, complete sequence; and L2 (L2) gene,partial cds. 	 Germany 	 intraanal swab 	 2005 	 369
OR044517 	 NA 	 Human papillomavirus 16 isolate P33_2016_NCR E5 (E5) gene, partialHuman papillomavirus 16 isolate P33_2016_NCR E5 (E5) gene, partialcds; E5-L2 intergenic spacer, complete sequence; and L2 (L2) gene,partial cds. 	 Germany 	 intraanal swab 	 2016 	 314
OR044518 	 NA 	 Human papillomavirus 16 isolate P35_2009_NCR E5 (E5) gene, partialHuman papillomavirus 16 isolate P35_2009_NCR E5 (E5) gene, partialcds; E5-L2 intergenic spacer, complete sequence; and L2 (L2) gene,partial cds. 	 Germany 	 intraanal swab 	 2009 	 300
OR044519 	 NA 	 Human papillomavirus 16 isolate P37_2009_NCR E5 (E5) gene, partialHuman papillomavirus 16 isolate P37_2009_NCR E5 (E5) gene, partialcds; E5-L2 intergenic spacer, complete sequence; and L2 (L2) gene,partial cds. 	 Germany 	 intraanal swab 	 2009 	 326
OR044520 	 NA 	 Human papillomavirus 16 isolate P38_2005_NCR E5 (E5) gene, partialHuman papillomavirus 16 isolate P38_2005_NCR E5 (E5) gene, partialcds; E5-L2 intergenic spacer, complete sequence; and L2 (L2) gene,partial cds. 	 Germany 	 intraanal swab 	 2005 	 281
OR044521 	 NA 	 Human papillomavirus 16 isolate P39_2014_NCR E5 (E5) gene, partialHuman papillomavirus 16 isolate P39_2014_NCR E5 (E5) gene, partialcds; E5-L2 intergenic spacer, complete sequence; and L2 (L2) gene,partial cds. 	 Germany 	 intraanal swab 	 2014 	 341
OR044522 	 NA 	 Human papillomavirus 16 isolate P40_2014_NCR E5 (E5) gene, partialHuman papillomavirus 16 isolate P40_2014_NCR E5 (E5) gene, partialcds; E5-L2 intergenic spacer, complete sequence; and L2 (L2) gene,partial cds. 	 Germany 	 intraanal swab 	 2014 	 302
OR044523 	 NA 	 Human papillomavirus 16 isolate P41_2007_NCR E5 (E5) gene, partialHuman papillomavirus 16 isolate P41_2007_NCR E5 (E5) gene, partialcds; E5-L2 intergenic spacer, complete sequence; and L2 (L2) gene,partial cds. 	 Germany 	 intraanal swab 	 2007 	 300
OR044524 	 NA 	 Human papillomavirus 16 isolate P42_02-2019_NCR E5 (E5) gene,Human papillomavirus 16 isolate P42_02-2019_NCR E5 (E5) gene,partial cds; E5-L2 intergenic spacer, complete sequence; and L2(L2) gene, partial cds. 	 Germany 	 intraanal swab 	 2019 	 288
OR044525 	 NA 	 Human papillomavirus 16 isolate P44_2009_NCR E5 (E5) gene, partialHuman papillomavirus 16 isolate P44_2009_NCR E5 (E5) gene, partialcds; E5-L2 intergenic spacer, complete sequence; and L2 (L2) gene,partial cds. 	 Germany 	 intraanal swab 	 2009 	 327
OR044526 	 NA 	 Human papillomavirus 16 isolate P46_2014_NCR E5 (E5) gene, partialHuman papillomavirus 16 isolate P46_2014_NCR E5 (E5) gene, partialcds; E5-L2 intergenic spacer, complete sequence; and L2 (L2) gene,partial cds. 	 Germany 	 intraanal swab 	 2014 	 286
OR044527 	 NA 	 Human papillomavirus 16 isolate P51_2012_NCR E5 (E5) gene, partialHuman papillomavirus 16 isolate P51_2012_NCR E5 (E5) gene, partialcds; E5-L2 intergenic spacer, complete sequence; and L2 (L2) gene,partial cds. 	 Germany 	 intraanal swab 	 2012 	 319
OR044528 	 NA 	 Human papillomavirus 16 isolate P53_2018_NCR E5 (E5) gene, partialHuman papillomavirus 16 isolate P53_2018_NCR E5 (E5) gene, partialcds; E5-L2 intergenic spacer, complete sequence; and L2 (L2) gene,partial cds. 	 Germany 	 intraanal swab 	 2018 	 317
OR044529 	 NA 	 Human papillomavirus 16 isolate P54_2015_NCR E5 (E5) gene, partialHuman papillomavirus 16 isolate P54_2015_NCR E5 (E5) gene, partialcds; E5-L2 intergenic spacer, complete sequence; and L2 (L2) gene,partial cds. 	 Germany 	 intraanal swab 	 2015 	 273
OR044464 	 NA 	 Human papillomavirus 16 isolate P22_2008_LCR major capsid proteinHuman papillomavirus 16 isolate P22_2008_LCR major capsid protein(L1) gene, partial cds; long control region genomic sequence; andearly protein 6 (E6) gene, partial cds. 	 Germany 	 intraanal swab 	 2008 	 1057
OR044471 	 NA 	 Human papillomavirus 16 isolate P035_2009_LCR major capsid proteinHuman papillomavirus 16 isolate P035_2009_LCR major capsid protein(L1) gene, partial cds; long control region genomic sequence; andearly protein 6 (E6) gene, partial cds. 	 Germany 	 intraanal swab 	 2009 	 1066
OR044473 	 NA 	 Human papillomavirus 16 isolate P037_2009_LCR major capsid proteinHuman papillomavirus 16 isolate P037_2009_LCR major capsid protein(L1) gene, partial cds; long control region genomic sequence; andearly protein 6 (E6) gene, partial cds. 	 Germany 	 intraanal swab 	 2009 	 1013
