"SOURCE",,,"STATUS GIVEN",,"REASON",,
" cervical biopsy ",,,"NA ?",,"included as NA because could be both positive and negative byt probably biopsied for a reason so should be classed as precancer or suspicoius",,
" negative for intraepithelial lesion and malignancy ",,,"ASYMP","?","not included in NA because tested showed non-malignant?",,
" cervical intraepithelial neoplasia grade 3 (CIN 3) ",,,"HSIL",,"CIN2 and CIN3 classed as HSIL",,
,,,,,,,
" cervical scraping and genital wart ",,,"condyloma acuminatum","?",,,
" cervical sample ASCUS ",,,"atypical/pathological?",,,,
" Japanese woman whose Pap smear was judged as NILM ",,,"ASYMP","?","NILM=ASYMP?",,
,,,,,,,
" breast malignant tumors ",,,"NEOPLASM","?","Carcinoma =/= malignant tumor , CURRENTLY included as CX",,
,,,,,,,
" patient with benign prostatic hyperplasia ",,,"atypical/pathological?",,,,
,,,,,,,
" breast benign tumors ",,,"NEOPLASM",,"Carcinoma =/= malignant tumor",,", CURRENTLY included as CX"
" clinical specimen ",,,"NA",,"might mean some sort of cilincal presentation",,
" FFPE section of anorectal voucher",,,"ASYMP",,"used as a reference of healthy presentation – do not know what is meant by voucher",,
,,,,,,,
" Fibrocystic disease ",,,"atypical/pathological?",,,,
" keratinocyte line SK-v cells ",,,"NA","just a cell line?",,,
" perianal tumor tissue ",,,"NEOPLASM",,"tumours can be benign, malignant and carcinolmas",,", CURRENTLY included as CX"
" genital wart ",,,"condyloma acuminatum",,"?",,
" external genital wart ",,,"condyloma acuminatum",,,,
" discordant papanicolaou-colposcopy results ",,,"atypical/pathological?",,,,
" Japanese woman whose Pap smear was judged as ASCUS ",,,"atypical/pathological?",,,,
" cervical mucus obtained from a Japanese woman diagnosed with ASCUS by pap test ",,,"atypical/pathological?",,,,
" cervical abnormalities ",,,"atypical/pathological?",,,,
" sample with abnormal cytological changes attributed to human papillomavirus infection ",,,"atypical/pathological?",,,,
