,source,Frequency,TYPE,Status,Comments
1, NA ,7512,NA,,
2, cervix ,588,NA,,
3, swabs ,241,NA,,
4, cervical cancer ,222,CX,,
5, cervical scrapes ,181,NA,,
6, cervical exfoliated cells ,173,NA,,
7, cervical lavage ,160,NA,,
8, woman with cervical carcinoma ,138,CX,,
9, Uygur cervical cancer patient ,126,CX,,
10, Anal Cancer ,123,CX,,
11, breast cancer ,121,CX,,
12, cervical cells ,106,NA,,
13, cervical samples ,104,NA,,
14, cervical smear from patient ,96,NA,,
15, intraanal swab ,82,NA,,
16, cervix tissue ,75,NA,,
17, cervical sample ,64,NA,,
18, cervical biopsy ,48,NA,?,included as NA because could be both positive and negative byt probably biopsied for a region so should be classed as precancer or suspicoius
19, cervical tissue ,48,NA,,
20, exfoliated cervical cells ,47,NA,,
21, cervical swab ,45,NA,,
22, HIV-positive male ,45,NA,,
23, cervical smear ,44,NA,,
24, low grade squamous intraephitelial lesion ,40,,,
25, cervical cancer tissue ,36,CX,,
26, larynx tissue from patient ,34,NA,,
27, low-grade squamous intraepithelial lesion ,34,,,
28, valvur cancer biopsy ,30,CX,,
29, cervical ,29,NA,,
30, cervicovaginal smears ,27,NA,,
31, European patient with low-grade squamous intraepithelial cervical lesion ,26,,,
32, penile cancer biopsy ,26,CX,,
33, cervical brushing for liquid-based cytology ,25,NA,,
34, sample with abnormal cytological changes attributed to human papillomavirus infection ,25,,,
35, Cervical brushing for liquid-based cytology ,24,NA,,
36, cervical cancer tissue of Northeast China patient ,24,CX,,
37, endocervical sample ,24,NA,,
38, cervical swab collected from Korean commercial sex worker ,23,NA,,
39, cervical sample HSIL ,21,,,
40, carcinoma in situ ,20,CX,,
41, cervical abnormalities ,20,,,
42, esophageal cancer lesion of Iranian patient ,20,CX,,
43, oral cancer ,20,CX,,
44, cervical scrape ,18,NA,,
45, oral and oropharyngeal formalin-fixed paraffin embedded (FFPE) tissues from Iranian patients with oral and oropharyngeal squamous cell carcinomas ,18,CX,,
46, Cervical cancer biopsy ,17,NA,,
47, cervical LBC sample ,17,NA,,
48, high grade squamous intraephitelial lesion ,17,,,
49, negative for intraepithelial lesion and malignancy ,16,,?,not included in NA because tested showed non-malignant?
50, oral cavity ,16,NA,,
51, oropharyngeal cancer ,16,CX,,
52, cervicovaginal swab ,15,NA,,
53, high-grade squamous intraepithelial lesion ,15,,,
54, surgical specimen of squamous cell carcinoma of the cervix ,15,CX,,
55, women with cervical carcinoma ,14,CX,,
56, cervical cancer biopsy ,13,CX,,
57, cervix uteri cells ,13,NA,,
58, HIV-positive female ,13,NA,,
59, cervical low-grade squamous intraepithelial lesion (lsil) ,12,,,
60, cervical specimen in a thinprep vial ,12,NA,,
61, invasive squamous cell carcinoma ,12,NA,,
62, normal cervical cells ,12,,,
63, patient with low-grade squamous intraepithelial cervical lesion ,12,,,
64, cervical high-grade squamous intraepithelial lesion (hsil) ,11,,,
65, squamous cell carcinoma of the cervix ,11,CX,,
66, blood leukocytes ,10,NA,,
67, cervical intraepithelial neoplasia grade 3 (CIN 3) ,10,,precancer?,
68, cervical sample CaCu ,10,CX,Cacu= carcinoma of the cervix,
69, cervical scraping and genital wart ,10,,,
70, cervical smears ,10,NA,,
71, cervical swab among women attending a reproductive health clinic ,10,NA,,
72, female cervix area ,10,NA,,
73, vaginal cancer biopsy ,10,CX,,
74, cervical cancer patient ,9,CX,,
75, cervical sample ASCUS ,9,,Atypical Squamous Cells of Undetermined Significance (ASCUS),
76, cervical scrap ,9,NA,,
77, cervical specimen ,9,NA,,
78, Japanese woman whose Pap smear was judged as NILM ,9,,Negative for Intraepithelial Lesion or Malignancy,
79, European patient with high-grade squamous intraepithelial cervical lesion ,8,,,
80, patient with high-grade squamous intraepithelial cervical lesion ,8,,,
81, cervical brushes from patient with cervical cancer ,7,CX,,
82, Japanese patient with CIS of the cervix ,7,CX,Carcinoma in Situ.,
83, patient with prostatic cancer ,7,CX,,
84, vaginal swab ,7,NA,,
85, base of the tongue ,6,NA,,
86, Invasive ductal carcinoma ,6,CX,,
87, larynx ,6,NA,,
88, LSIL ,6,,,
89, oral swab ,6,NA,,
90, patient in the Canadian Women's HIV Study cohort ,6,NA,,
91, saliva ,6,NA,,
92," biopsy, cervical carcinoma ",5,CX,,
93, cervical intraepithelial neoplasia grade 1 (CIN 1) ,5,,,
94, cervical scrapings ,5,NA,,
95, Japanese patient with microinvasive squamous cell carcinoma of the cervix ,5,CX,,
96, Vaginal secretion ,5,NA,,
97, cervical intraepithelial neoplasia grade 2 (CIN 2) ,4,,,
98, cervical mucus obtained from a Japanese woman diagnosed with NILM by pap test ,4,,,
99, cervical mucus obtained from a Japanese woman diagnosed with squamous cell carcinoma by biopsy ,4,CX,,
100, cervical sample LSIL ,4,,,
101, HSIL ,4,,,
102, hypopharynx ,4,NA,,
103, invasive cervical cancer ,4,CX,,
104, Japanese patient with invasive squamous cell carcinoma of the cervix ,4,CX,,
105, breast malignant tumors ,3,CX,malignant= carcinoma?,
106, cervical mucus obtained from a Japanese woman diagnosed with LSIL by pap test ,3,,,
107, cervical mucus obtained from a Japanese woman later diagnosed with microinvasive carcinoma by examination of surgical specimen ,3,CX,,
108, cervical tissue biopsy samples ,3,NA,,
109, cervical tissue-SCC ,3,CX,not sure if this one will be caught,
110, discordant papanicolaou-colposcopy results ,3,,,
111, Japanese woman whose Pap smear was judged as ASCUS ,3,,,
112, pap smear ,3,NA,,
113, patient with benign prostatic hyperplasia ,3,,benign?,
114, patient with low-grade squamous intraepithelial cervical lesion probably deffective in forming pentamers ,3,,,
115, Polish woman cervical sample ,3,NA,,
116, adenocarcinoma ,2,CX,,
117, adenocarcinoma of the cervix ,2,CX,did this one get caught?,
118, Carcinoma ,2,CX,,
119, cervical cancer tissue from female patient ,2,CX,,
120, cervical epithelia ,2,NA,,
121, cervical epithelium ,2,NA,,
122, cervical swap ,2,NA,,
123, cervical tissue-HSIL ,2,,,
124, European patient with invasive cervical carcinoma ,2,CX,,
125, external genital wart ,2,,,
126, female ,2,NA,,
127, paraffin embedded tissue diagnosed as lung cancer ,2,CX,,
128, sewage samples ,2,NA,,
129, SiHa cervical carcinoma cell line (ATCC catalog number ATCC HTB 35) ,2,CX,,
130, tonsil ,2,NA,,
131, vaginal secretions ,2,NA,,
132," 48 year old non-smoking man diagnosed with poorly differentiated, p16 positive SCC, tonsillar carcinoma stage T2N0M0 ",1,CX,,
133, Adenocarcinoma ,1,CX,,
134, anal epithelia ,1,NA,,
135, Asian-American patient with cervical adenocarcinoma ,1,CX,,
136, Asian-American patient with low-grade squamous intraepithelial cervical lesion ,1,,,
137," biopsy,stage T3N2 tonsillar carcinoma from 65 year old male ",1,CX,,
138, breast benign tumors ,1,,not carcinoma but not asymptomatic,
139, cervical cancer biopsy of a Mexican woman ,1,CX,,
140, cervical cancer tissue biopsy ,1,CX,,
141, cervical carcinoma biopsy ,1,CX,,
142, cervical mucus obtained from a Japanese woman diagnosed with ASCUS by pap test ,1,,,
143, cervical mucus obtained from a Japanese woman diagnosed with CIS by biopsy ,1,CX,,
144, cervical mucus obtained from a Japanese woman later diagnosed with squamous cell carcinoma by examination of surgical specimen ,1,CX,,
145, cervical secretion ,1,NA,,
146, cervical secretion from female patient ,1,NA,,
147, Cervical swab samples ,1,NA,,
148, cervical swaps of asymtopmatic women ,1,,,
149, clinical specimen ,1,NA,?,clinical specimen might mean clinical presentation
150, epithelial cells from cervix ,1,NA,,
151, FFPE section of anorectal voucher: SGUL-190-3 ,1,,?,voucher= reference for asymptomatic?
152, FFPE section of anorectal voucher: SGUL-190-5 ,1,,?,voucher= reference for asymptomatic?
153, FFPE section of cervical cancer voucher: SGUL-4706 ,1,CX,,
154, FFPE section of cervical cancer voucher: SGUL-A1-11 ,1,CX,,
155, FFPE section of cervical cancer voucher: SGUL-A1-12 ,1,CX,,
156, FFPE section of cervical cancer voucher: SGUL-C1-13 ,1,CX,,
157, FFPE section of cervical cancer voucher: SGUL-C13-14 ,1,CX,,
158, FFPE section of cervical cancer voucher: SGUL-C17-1 ,1,CX,,
159, FFPE section of cervical cancer voucher: SGUL-C17-2 ,1,CX,,
160, FFPE section of cervical cancer voucher: SGUL-C38-6 ,1,CX,,
161, FFPE section of cervical cancer voucher: SGUL-C44-12 ,1,CX,,
162, FFPE section of cervical cancer voucher: SGUL-C47-6 ,1,CX,,
163, FFPE section of cervical cancer voucher: SGUL-C48-31 ,1,CX,,
164, FFPE section of cervical cancer voucher: SGUL-C61-2 ,1,CX,,
165, FFPE section of cervical cancer voucher: SGUL-Z1-13 ,1,CX,,
166, FFPE section of cervical cancer voucher: SGUL-Z1-18 ,1,CX,,
167, FFPE section of endometrial cancer voucher: SGUL-1539-B17 ,1,CX,,
168, Fibrocystic disease ,1,NA,? ,because doesnt belong to cancer type but also some sort of clinical presentation of disease?
169, formalin-fixed paraffin-embedded tissue section ,1,NA,,
170," formalin-fixed, paraffin-embedded (FFPE) sample ",1,NA,,
171, from an Asian-American patient ,1,NA,,
172, from an European patient ,1,NA,,
173, genital wart ,1,,,
174, high-grade squamous intraepithelial lesion abnormal cytological changes attributed to human papillomavirus infection ,1,,,
175, human esophageal squamous cell carcinoma ,1,CX,,
176, inflammatory breast cancer tissue ,1,CX,,
177, Invasive lobular carcinoma ,1,CX,,
178, Japanese patient whose Pap smear was judged as LSIL ,1,,,
179, keratinocyte line SK-v cells ,1,NA,just a cell line?,
180, non-inflammatory breast cancer tissue ,1,CX,,
181, oral gargle 1382 from healthy individual ,1,,,
182, oral gargle 1455 from healthy individual ,1,,,
183, oral gargle 2641a from healthy individual ,1,,,
184, oral gargle 3887 from healthy individual ,1,,,
185, oropharynx from patient with head and neck squamous cell carcinoma ,1,CX,,
186, paraffin-embedded samples from patients with cervical carcinoma ,1,CX,,
187, patient with cervical cancer ,1,CX,,
188, patient with high-grade squamous intraepithelial cervical lesion and mixed HPV subtypes ,1,,,
189, patient with high-grade squamous intraepithelial cervical lesion recombination of subtypes ,1,,,
190, patient with low-grade squamous intraepithelial cervical lesion can be deffective in forming pentamers ,1,,,
191, perianal tumor tissue ,1,CX,can be benign � how to class?,
192, surgical specimen of adenosquamous cell carcinoma of the cervix ,1,CX,,
193, tissue biopsy of a Thai patient ,1,NA,,
